text,category
"발리 포테이토헤드, ﻿웰니스 리트릿 'Merasa Origins' 1차 챕터 마무리. 현대경제신문 최효경 기자 | 복합 라이프스타일 공간 발리 포테이토헤드가 올해 기획한 웰니스 리트릿 'Merasa Origins' 첫 번째 일정을 마무리했다고 1일 밝혔다.",문화/트렌드
"온사이, 디자인어워드 그랜드슬램 경험 바탕으로 맞춤형 주거공간 제안. 최근 주거 인테리어 시장에서는 단순한 시공이나 스타일링을 넘어, 거주자의 라이프스타일을 반영한 공간 설계에 대한 관심이 높아지고 있다.",사회/세계
"CJ제일제당, 사상 첫 순손실에 사업구조 ‘3개 부문’ 대개편. 식품ㆍ바이오 양축 해체해 라이프스타일식품ㆍ기술소재ㆍ핵심소재로 지난해 사상 첫 연간 순손실을 낸 기존 식품과 바이오로 이원화됐던 구조를 △라이프스타일식품 △기술소재 △핵심소재 3개 부문으로 재편한다 .",사회/세계
"﻿머스카, 美 '그레이트몰'에 '슬리플러스' 플래그십 스토어 오픈. 이번 플래그십 스토어는 단순히 제품을 판매하는 공간을 넘어, 뷰티 브랜드 등과 협업해 '건강한 라이프스타일'을 제안하는 복합 웰니스 공간으로 운영된다.",라이프
CJ제일제당 3개 사업부문 체제로 재편 사업 옥석가리기 초석. 이날 CJ제일제당은 기존 ‘식품’과 ‘바이오’로 이원화되어 있던 사업 구조를 ▲라이프스타일식품 ▲기술소재 ▲핵심소재 등 3개 부문으로 전면 재편한다고 밝혔다.,문화/트렌드
"호날두의 피앙세 조지나 로드리게스, 액티브 웨어 브랜드 론칭. 미모아는 액티브 웨어 및 라이프스타일 카테고리를 아우르며, 일상에서 활용하기 좋은 에센셜 아이템을 미모아는 이 컬렉션이 “여성들이 프리미엄 액티브 웨어와 라이프스타일 웨어를 더 쉽게 접할 수 있도록.",라이프
울퉁불퉁 핏줄?…혈관이 보내는 경고 '하지정맥류'. 무더위가 본격화되면 짧은 옷차림 탓에 다리 혈관이 도드라져 보이는 사례가 늘어난다. 울퉁불퉁 튀어나온 혈관이나 거미줄처럼 번진 실핏줄은 단순한 미용 문제가 아닐 수 있다.,사회/세계
"CJ제일제당, '식품·기술·핵심소재' 3대 사업 재편…""구조·조직 파괴. 기존 '식품'과 '바이오'로 이원화된 사업구조를 ▲라이프스타일식품 ▲기술소재 ▲핵심소재 등 3개 글로벌 라이프스타일 리딩 기업으로 진화하겠다""고 강조했다.",사회/세계
"산타마리아노벨라, '아쿠아 디 로즈' 구매 시 100% 순면 셀프 코튼 패드. 이탈리아 피렌체 800년 헤리티지를 담은 라이프스타일 뷰티 브랜드 '산타마리아노벨라(Santa Maria Novella)'는 하절기 수분 케어 아이템인 장미수 토너 '아쿠아 디 로즈'를 구매하는 고객에게 맞춤형 셀프 코튼 패드를.",사회/세계
"정보석, '시청률 57.3%' 대작 놓칠 뻔→사업 위기로 출연 고사…""임성한. 출처:채널 '송승환의 원더풀라이프' 배우 정보석이 과거 볼링장 사업으로 어려움을 겪었던 시절을 떠올리며 드라마 '보고 또 보고'가 인생의 전환점이 됐다고 밝혔다.",문화/트렌드
"李 대통령 ""주장 손흥민 선수 비롯한 우리 축구 국가대표팀 정말 고생. 2026 국제축구연맹(FIFA) 북중미 월드컵 조별리그 탈락이 확정되자 ""예상 밖 결과에 당황을 넘어 황당함을 느낀다""며 ""체육 행정 개혁을 신속하게 추진하겠다""고 밝힌 바 있다.",사회/세계
"""보는 한강""에서 ""즐기는 밤""으로… 베일 벗은 서울크루즈 '비트. 서울크루즈 운영계획안에 따르면 이 프로그램을 ""금요일 밤 한강에서 즐기는 나이트라이프 경험""으로 운영안은 '캐주얼 스트리트 푸드, 한강 야경, 불꽃축제, 트렌디 음악'을 결합한 SNS 인증형 나이트라이프 상품으로.",라이프
"HLB이노베이션, 진양곤 의장 대표이사 선임 外. ◆휴온스엔, 건기식 자회사 ‘바이오로제트’ 흡수합병 휴온스그룹 라이프케어 솔루션 기업 휴온스엔이 1일 100% 종속회사인 바이오로제트 흡수합병 절차를 최종 완료.",사회/세계
KB금융·KB국민은행·KB국민카드·KB증권. 긱워커의 라이프스타일에 맞춘 혜택을 제공하는 점이 특징이다.,사회/세계
"CJ제일제당, 식품·바이오 체제 끝낸다…3대 사업체제로 재편. 바이오사업부문을 ▲라이프스타일식품 ▲기술소재 ▲핵심소재 등 3개 사업부문으로 개편한다고 1일 밝혔다 . 글로벌 라이프스타일 리딩 기업으로 진화하겠다”고 강조했다.",사회/세계
"휴온스엔, 건기식 자회사 흡수합병 완료…생산체계 일원화. 휴온스그룹 라이프케어 솔루션 기업 휴온스엔은 건강기능식품 제조 전문 자회사 바이오로제트와의 흡수합병 절차를 완료했다고 1일 밝혔다.",IT/과학
"김도영, 멀티홈런으로 오스틴 제치고 ‘단독 1위’. KIA는 김도영의 멀티 홈런 활약과 타선 집중력을 앞세워 일찌감치 흐름을 가져왔고, 투타 밸런스를 유지하며 완승을 완성했다.",사회/세계
성장이 답' 윤석환號 CJ제일제당 3각 축 사업 대전환. CJ제일제당은 기존 '식품'과 '바이오'로 나뉘어 있던 사업구조를 △라이프스타일식품 △기술소재 라이프스타일식품사업부문은 K푸드 글로벌 확장을 주도하는 '글로벌 K푸드 센터' 역할을 맡는다.,사회/세계
"퀸잇에서 애슬레저 거래액 66%↑. 4050 전문 플랫폼 퀸잇에서는 운동복보다 라이프웨어 수요가 확대되며 애슬레저 거래액이 큰 폭으로 증가했고, 스포츠·아웃도어 브랜드 입점 효과도 두드러진 것으로 나타났다.",사회/세계
바이오 대신 '소재' 강화 CJ제일제당 사업구조 재편. 포쓰저널 이남주 기자 /CJ제일제당 CJ제일제당이 기존 식품·바이오 중심의 2개 사업 체제를 깨고 ▲라이프스 이번 개편으로 기존 식품과 바이오로 나뉘어 있던 사업 구조는 ▲라이프스타일식품 ▲기술소재 ▲핵심소재.,사회/세계
"⑩ 나중에, 언젠가. 헤어지면서 효성이가 말했다. '같은 방향으로 왔네.' 나는 웃으면서 고개를 끄덕였다.",문화/트렌드
출생아 22개월 연속 증가…2조원 유아동복 시장 '골드키즈' 열풍. 이에 가족 구성원의 일체감을 향상시키고 취향과 감도를 공유하는 '패밀리 라이프스타일' 소비가 유행하며 성인 의류 시장에서 인기 있는 패션 브랜드를 미니 사이즈로 변경한 '미니미(Mini-me)' 전략이 부상하고 있다 .,라이프
"휴온스엔, 건기식 제조사 '바이오로제트' 합병완료. 휴온스그룹 라이프케어 솔루션 기업 휴온스엔과 건강기능식품 제조사 바이오로제트가 합병을 완료했다. 글로벌 공급 안정성 확보를 위해서다.",사회/세계
"케이엠제약 강일모 회장, 6개월간 지분 확대 지속. 중인 라이프케어 중심의 사업 전환과 중장기 성장 전략에 대한 경영진의 자신감이 반영된 결과라고 분석한다.",사회/세계
용산공원 품은 ‘더파크사이드 서울’…도심 속 파크 라이프 구현. - 용산공원 인접 복합용도개발(MXD) 프로젝트…자연·문화·호텔 결합 - 로즈우드·신세계백화점 참여…하이엔드 복합 라이프스타일 제시 서울 도심에서 대규모 공원과 복합 라이프스타일을 함께 누릴 수 있는 주거 공간이.,라이프
"CJ제일제당 사업구조 재편 “파괴적 변화와 혁신으로 미래성장 가속화”. CJ제일제당이 기존의 식품·바이오 중심 사업 구조를 라이프스타일식품, 기술소재, 핵심소재 등 3대 부문 CJ제일제당에 따르면 라이프스타일식품사업부문은 글로벌 K-푸드 성장을 이끄는 핵심 조직이다.",사회/세계
"휴온스엔, '바이오로제트' 흡수합병 완료 ""글로벌 사업 속도"". 휴온스그룹의 라이프케어 솔루션 기업 휴온스엔이 건기식 제조 전문 기업 바이오로제트를 흡수합병, 글로벌 사업 확대에 나선다. 휴온스엔은 1일 100% 종속회사인 바이오로제트 흡수합병 절차를 최종 완료했다고 밝혔다 .",사회/세계
"KB증권, 개인형퇴직연금·연금저축 순입금 이벤트. 상품별로 보면 IRP 이벤트는 고객의 라이프스타일에 따라 네이버페이, 배달의민족, 다이소 등 브랜드 쿠폰 중 원하는 혜택을 선택해 최대 3만 원 상당의 리워드를 받을 수 있다.",사회/세계
"CJ제일제당, '식품·기술·소재' 3각축 재편 미래성장 강화. CJ제일제당은 기존 식품과 바이오 중심의 사업 구조를 ▲라이프스타일식품 ▲기술소재 ▲핵심소재 등 3대 글로벌 라이프스타일 리딩 기업으로 도약하겠다""고 말했다.",사회/세계
"우승후보' 프랑스, 스웨덴 3-0 완파. 프랑스는 1일(현지 시간) 미국 뉴저지주 이스트 러더퍼드의 메트라이프 스타디움에서 열린 스웨덴과의 월드컵 경기에서 3-0으로 승리했다.",라이프
출범 5주년 맞은 신한라이프 “리딩 보험사로 도약할 것”. 신한라이프가 출범 5주년을 맞아 보험업계 신흥강자를 넘어 업계를 선도하는 보험사로 도약하겠다는 비전을 제시헀다.,사회/세계
"산타마리아노벨라, '셀프 코튼 패드' 증정 프로모션 진행. 이탈리아 라이프스타일 뷰티 브랜드 산타마리아노벨라(Santa Maria Novella)가 하절기 베스트셀러 제품인 장미수 토너 '아쿠아 디 로즈(Acqua Di Rose)' 구매 소비자를 대상으로 전용 '셀프 코튼 패드'를 제공하는 증정.",사회/세계
"LG전자, ‘스탠바이미 2 맥스’ 앞세워 글로벌 이동식 스크린 공략. ▲LG 스탠바이미 2 맥스 라이프스타일 이미지/사진=LG전자 제공 LG전자는 이달 미국과 캐나다를 시작으로 ▲LG 스탠바이미 2 맥스 라이프스타일 이미지/사진=LG전자 제공 LG전자의 글로벌 FAST(Free Ad-supported Streaming.",사회/세계
"파리바게뜨, '식후 디저트' 시장 정조준···초코바게뜨로 트렌드 공략. 식사 후 카페를 찾는 소비자들의 라이프스타일에 주목해 베이커리를 새로운 디저트 소비 공간으로 자리매김하겠다는 구상이다.",문화/트렌드
"출범 5주년 신한라이프, '상생 통한 업계 선도' 선언. 신한라이프 사옥.",사회/세계
"인구전략위, 조직 개편 방향 이목 “별동대 아닌 컨트롤타워돼야”. 브라보마이라이프=서지희 기자 | 저출생·고령화 대응 넘어 청년·이민까지, 인구정책 총괄·조정 역할 인구관련사업 예산 협의 및 조정 권고 권한까지 확대 기존 저고위 사무처 3국 11과 체제, 조직.",사회/세계
"KB국민은행, ‘평생 금융파트너’로 포용금융 새 기준 만들. ‘KB골든라이프 Golden Class’를 통해 금융·건강·생활 정보를 제공하는 맞춤형 세미나를 전국 주요 도시에서 운영하고 있으며, 디지털 금융교육과 보이스피싱 예방 교육도 실시하고 있다.",라이프
"CJ제일제당, 3개 사업부문으로 재편…""미래 성장 기회 확보"". 구조를 라이프스타일식품, 기술소재, 핵심소재 등 3대 부문으로 전면 재편합니다. CJ제일제당은 급변하는 경영 환경과 미래 불확실성에 대응하고자 사업 구조 리밸런싱에 나선다고 오늘(1일) 밝혔습니다.",사회/세계
"신한라이프, 출범 5주년 맞아 '리딩 보험사' 도약 선언. 신한라이프는 출범 5주년을 맞아 고객과 사회에 대한 감사의 의미를 담은 기념행사를 열고 지속가능한 성장과 리딩 보험사 도약을 위한 새로운 비전과 경영 방향을 제시했다고 1일 밝혔다.",사회/세계
"CGV, 파라다이스, 놀유니버스. 특별한 라이프스타일 경험을 누릴 수 있도록 준비했다""며 ""앞으로도 파라다이스 호텔 부산만의 감각적인 이번에 공개된 2차 라인업에는 글로벌 팬덤을 보유한 키스오브라이프(KISS OF LIFE) 등이 합류한다 .",사회/세계
"에스.티.듀퐁, 갤러리아 명품관 EAST에 신규 부티크 오픈 헤리티지와. 기존 시그니처 아이템은 물론 라이프스타일 전반을 아우르는 제품을 함께 선보이며 브랜드 경험의 폭을 넓혔다.",라이프
"신한라이프, 출범 5주년 맞아 기념행사 임직원과 '감사와 상생'나눔 강. |중앙이코노미뉴스 문혜원 기자|신한라이프가 출범 5주년을 맞아 임직원과 영업가족이 함께 생명보험 본업의 가치와 발자취를 되돌아보는 기념행사를 열고 '감사'와 '상생'의 의미를 강조했다.",사회/세계
"휴온스엔, 바이오로제트 흡수합병 완료. 휴온스그룹의 라이프케어 솔루션 기업인 휴온스엔이 건강기능식품 제조 자회사인 바이오로제트를 흡수합병하며 제조 및 연구개발 역량 강화에 나섰다.",사회/세계
"신어보니 다르네'…삼성물산 패션, 체험으로 MZ 잡는다. 비이커 입구 앞 전기자전거 오브제는 라이프스타일 편집숍이라는 브랜드 정체성을 강조했다. 매장 내부에서는 국내외 디자이너 브랜드와 라이프스타일 상품을 선보이며 쇼핑과 전시를 결합한 공간을 구현했다.",라이프
"한국사무소 연 '브루나이 관광청', '방문의 해 2027'캠페인으로 한국시. 이번 사전 출범식에서는 국왕 즉위 60주년을 기념하는 문화, 스포츠, 라이프스타일, 비즈니스 분야 주요 행사도 함께 공개됐다.",사회/세계
"발롱블랑(BALLON BLANC), 현대백화점 본점 팝업 진행 신규 라인업 대거. 프리미엄 라이프스타일 브랜드 발롱블랑(BALLON BLANC)이 현대백화점 압구정본점 팝업스토어를 성공적으로 프리미엄 라이프스타일의 미래 비전을 공유하는 소통의 장으로 활용되고 있다.",사회/세계
"CJ제일제당, 식품·기술·핵심소재 '3대 부문' 사업 재편. CJ제일제당이 기존 식품·바이오 중심의 사업 구조를 라이프스타일식품, 기술소재, 핵심소재 등 3대 부문으로 회사는 식품과 바이오로 나뉘어 있던 기존 사업 구조를 ▲라이프스타일식품 ▲기술소재 ▲핵심소재 등 3개.",사회/세계
"‘미래 SDV, 이렇게 편리해요’ 르노 그랑 콜레오스, 5차 무선 업데이트. 고도화를 지속하여 고객이 매일 새로운 차를 타는 듯한 경험을 누릴 수 있도록 할 것”이라고 강조했다. SDV는 이제 먼 미래의 이야기가 아닌, 사용자의 라이프스타일에 맞춰 최적화되는 모델로 진화되고 있는 흐름이다.",문화/트렌드
"휴온스엔, 바이오로제트 흡수합병 완료…건기식 제조 역량 강화. 휴온스그룹의 라이프케어 솔루션 기업 휴온스엔은 건강기능식품 제조 전문 기업 바이오로제트 흡수합병 절차를 완료했다고 1일 밝혔다. 바이오로제트는 휴온스엔의 100% 종속회사다.",IT/과학
"LG전자 플래그십 D5, 7월 그랜드 오픈 세일 진행…웨딩·이사 고객 위한. LG전자 플래그십 D5는 단순한 가전 판매 공간을 넘어 제품과 라이프스타일을 함께 경험할 수 있는 체험형 LG전자 플래그십 D5 관계자는 “웨딩과 이사를 준비하는 고객들이 다양한 제품을 직접 체험하고 라이프스타일.",라이프
"CJ제일제당, 사업구조 3부문으로 전면 개편… 미래 성장 기틀 강화 마련. CJ제일제당은 식품·바이오로 분화돼 있던 기업 사업 체제를 라이프스타일식품 기술소재, 핵심소재 먼저 라이프스타일 식품사업부문은 글로벌 K-푸드 센터 역할을 담당하게 된다.",사회/세계
"CJ제일제당, K푸드·미래소재·핵심소재 3대 축으로 사업 재편. CJ제일제당이 식품과 바이오로 이원화된 사업 구조를 △라이프스타일 식품 △기술 소재 △핵심 소재 3대 라이프스타일 식품 부문은 '글로벌 K푸드 센터' 역할을 맡는다.",사회/세계
"한국암웨이, 울산 진장동 롯데마트에 'A STATION' 개점. 경상권 지역거점 웰니스 라이프스타일 체험 공간 ‘퍼스널라이즈드 웰니스 랩’ 갖춰 고객 체험 강화 웰니스 라이프스타일을 직접 경험할 수 있는 기회를 제공한다.",라이프
"롯데백화점 광주점, 구도심 살린 '팝업 혁신'…충장로·금남로에 다시. 먹거리 중심이던 기존 팝업에서 벗어나 영화와 캐릭터, 웹툰, 패션, 라이프스타일까지 콘텐츠 영역을 넓히면서 방문 이유를 다양화했다.",문화/트렌드
"택시기사 위한 통신 요금 탄생, 더마일스 ‘안심운전 요금제’ 출시. 더마일스가 도로 위 장시간 근무로 인해 상시 사고 위험에 노출된 택시기사들의 심리적 부담을 덜고 안전한 운행 환경을 조성하기 위해, 택시 플랫폼 기업 캡시(Cabsy)와 손잡고 '안심운전 요금제'를 1일 선보인다고 밝혔다 .",라이프
"CJ제일제당, 식품·기술·핵심소재 부문으로 사업구조 재편… “미래 불. 사업구조를 라이프스타일식품과 기술소재 및 핵심소재 등 3개 부문으로 재편한다고 1일 밝혔다. 성장성과 수익성이 낮은 한계사업을 정리하고 사업 구조를 혁신적으로 바꿔 미래 성장을 가속화한다는 취지다.",사회/세계
“CU 야호” 리센느 브랜드 모델 발탁. 특히 K팝 팬덤 소비가 음반과 굿즈를 넘어 식품과 라이프스타일 영역으로 확대되는 트렌드에 맞춰 리센느와 함께 새로운 고객 경험을 제공하고 브랜드 경쟁력을 높인다는 전략이다.,문화/트렌드
"멕시코, 40년 만 월드컵 토너먼트 승리. 공동 개최국인 멕시코는 조별리그에서 한국을 1-0으로 꺾는 등 3전 전승으로 A조 1위를 차지한 데 이어 32강전까지 무실점 행진을 이어갔다.",사회/세계
"클럽휴' 7월 개관…런던·뉴욕 흔든 '현대판 살롱' 문화 LA 코리아타운. 도쿄 아오야마 이어 LA까지… 글로벌 리더들, 라이프스타일 기반 '소셜 클럽'으로 집결 한국의 '휴식 이루어지는 '라이프스타일 기반의 프라이빗 멤버십 클럽(Private Member's Club) 형태다.",라이프
"신협, 라이프온 활성화 나선다 스크래치 이벤트 진행. 상호금융권도 생활밀착형 서비스를 강화하며 플랫폼 경쟁력을 키우는 가운데 신협은 회원 참여형 이벤트를 통해 생활금융 플랫폼 '라이프온' 활성화에 나섰다.",사회/세계
"넷플릭스, 7월 공개작 라인업 화려…'동궁'-'가스인간'→'에놀라 홈즈3'. 다큐멘터리와 애니메이션, 키즈앤 패밀리는 10일 '미겔 앙헬 블랑코: 스페인을 뒤바꾼 48시간', '코스타 콩코르디아호: 바다 위의 악몽', 12일 '라이프 오브 AI', 1일 '간츠: 세컨드 스테이지', '잔망루피 먹방', 17일.",문화/트렌드
"CU, 걸그룹 리센느 브랜드 모델로 발탁 아이돌 팬덤 공략 본격화. 특히 음반과 굿즈를 넘어 식품과 라이프스타일 분야로 확장되고 있는 K-팝 팬덤 소비 트렌드에 맞춰 브랜드 경쟁력을 강화한다는 전략이다.",라이프
"""전업·부업·복합까지 가능""…크린토피아, 7월 서울 창업설명회 개최. 개인 라이프스타일에 맞춘 세탁 창업 전략을 제시한다.",사회/세계
"‘미스 부산·울산 美’ 박채현, 제70회 미스코리아 본선行…간호사 출. 건강한 라이프스타일과 꾸준한 자기관리, 간호사로서 체득한 성숙한 태도가 본선 무대에서 어떤 경쟁력으로 이어질지 관심이 모인다.",문화/트렌드
"신한라이프, 출범 5주년 맞아 '리딩 보험사' 선언. 신한라이프가 통합 출범 5주년을 기점으로 리딩 보험사로의 도약을 선언했다.",사회/세계
"휴온스엔, 바이오로제트 흡수합병 완료…건기식 제조 강화. 휴온스그룹 라이프케어 솔루션 기업 휴온스엔이 건강기능식품 제조 전문 자회사 바이오로제트와의 흡수합병을 마무리하고 생산 역량 강화에 나선다.",IT/과학
"""향기로 즐기는 호캉스""…파라다이스 호텔 부산, '딥티크'와 맞손. 파라다이스 호텔 부산 관계자는 ""단순한 투숙을 넘어 향과 예술, 휴식이 결합된 차별화된 라이프스타일을 제안하고자 이번 콜라보레이션을 기획했다""며 ""앞으로도 파라다이스 호텔만의 감각적인 콘텐츠를 발굴해 럭셔리.",문화/트렌드
"윌라, '2026 상반기 결산' 공개. 추리소설의 거장 히가시노 게이고의 신작 〈매스커레이드 라이프〉부터, 베르나르 베르베르의 〈영혼의 왈츠〉, 한국 판타지 스릴러의 전설 〈퇴마록〉 시리즈 이우혁 작가의 신작 〈파이로매니악〉과 〈신 퇴마록〉.",라이프
"“집 다 고칠 필요 있나요?”…고물가에 ‘부분 리모델링’ 뜬다. 한샘은 부엌과 수납 등 공간별 스타일을 제안하는 ‘스타일에디션’을 운영하고 있으며, 현대리바트도 라이프스타일에 따라 공간별 솔루션을 제공하는 ‘더 룸(THE ROOM)’을 선보이고 있다.",사회/세계
CU·GS25·이마트24·세븐일레븐. K-POP 팬덤 소비가 음반과 굿즈를 넘어 식품과 라이프스타일 영역으로 확대되는 트렌드에 맞춰 리센느와 식습관과 라이프스타일에 맞는 상품을 보다 쉽게 선택할 수 있도록 했다.,라이프
"현대카드M으로 시작한 '알파벳카드', 독자브랜드로 나선다. 알파벳카드는 ‘알파벳 포 라이프(Alphabet for Life)’ 라는 슬로건 아래 회원들의 라이프스타일을 알파벳 한 글자로 정리한 것이 특징이다.",라이프
"CJ제일제당, 3대 사업부문 재편…성장·수익성 중심 경영 강화. CJ제일제당이 1일 성장성과 수익성을 높이기 위해 기존 사업 구조를 라이프스타일식품, 기술소재, 핵심소재 기존 식품·바이오 중심 체계를 라이프스타일식품, 기술소재, 핵심소재 등 3대 사업부문으로 재편해 사업별.",사회/세계
"2026년 다크호스 게이밍 모니터, 앤트게이머 'ANT27VU PRO' [2026 상반기. 기존에는 CPU, 그래픽카드, 메인보드 등 전통적인 PC 하드웨어 카테고리 위주로 수상작을 선정해 왔으나, 이제는 라이프스타일 전반을 아우르는 다채롭고 폭넓은 IT 분야의 카테고리까지 확장해 진행합니다 .",IT/과학
"에스.티.듀퐁, 압구정 갤러리아 명품관 EAST 새 부티크 오픈···브랜드. 제품군을 라이프스타일 전반으로 확장해 고객들이 에스.티.듀퐁의 다양한 매력을 경험할 수 있도록 구성한 점도 특징이다.",라이프
"""악기 사면 에버랜드 간다""… 야마하의 '이색 마케팅'. 업계 관계자는 ""단순한 가격 할인 위주의 경쟁에서 벗어나 공연, 캠핑, 여행 등 소비자의 라이프스타일과 결합한 체험형 프로모션이 브랜드 친밀도를 높이고 실질적인 구매 전환을 유도하는 핵심 변수가 될 것""이라고.",라이프
"신협 라이프온, 경품 증정 ‘어부바 럭키 스크래치’ 이벤트 진행. 신협중앙회가 경품 행사를 통해 모바일 생활금융 플랫폼 ‘신협 라이프온’의 이용 활성화에 나선다.",라이프
"신한라이프, '기부 CSR'→'참여형 ESG'…""보험업 연결한. 신한라이프의 사회공헌(CSR)과 ESG 경영은 최근 1~2년 사이 아주 흥미로운 전환점을 맞았다.",사회/세계
"KB국민카드, 긱워커 맞춤형 'KB On the Go 체크카드' 출시. KB국민카드 관계자는 ""이동이 잦고 다양한 플랫폼에서 활동하는 고객들의 소비 패턴을 반영해 실생활과 밀접한 혜택을 담은 상품""이라며 ""앞으로도 고객의 라이프스타일 변화에 맞춘 금융 서비스를 지속적으로.",사회/세계
"씨이오인터내셔널, 김동환 신임 대표 선임…글로벌 성장 전략 본격화. - COO 출신 김동환 대표이사 선임…31년 브랜드 헤리티지 계승 - 프래그런스 경쟁력 강화·뷰티·라이프스타일 및 라이프스타일 브랜드까지 포트폴리오를 확대하고 있다.",라이프
삼립 포켓몬빵 판매고·아영FBC '베어풋' 론칭. 이번 라인업 확장은 소비자의 나이트 라이프스타일과 섭취 취향에 맞춰 선택 폭을 넓히기 위한 것이다. 멜라메이트는 멜라토닌 1mg 입문 라인부터 다양한 맛과 제형을 갖춘 제품군을 완성했다.,라이프
"신다은, 브런치로 전한 여유로운 일상. 평소 요리와 플레이팅에 남다른 센스를 보여온 만큼 이번 영상에서도 특유의 감각적인 라이프스타일이 다양한 라이프스타일 콘텐츠를 꾸준히 선보이고 있다.",문화/트렌드
지난해 활동 재개했는데…“직장암 4기 진단…남편은 치매” 고백한 여. 1일 방송되는 TV조선 ‘퍼펙트 라이프’에서 이사벨라는 올해 1월 발매한 신곡 ‘사랑의 주문’을 열창하며 스튜디오에 등장했다. 이날 그는 자신의 건강 상태를 알리며 근황을 전했다.,라이프
"하나카드, '무빙카드' 매일 쓰는 즐거움…3일 연속 쓰면 '2배'. 또한 무빙카드는 소비패턴에 따라 ALLDAY/ONLINE/PLAY/LIFE/GLOBAL 총 5종으로 손님은 자신의 라이프스타일에 가장 적합한 혜택을 선택하여 신청할 수 있다.",사회/세계
"정원규, 옵티마 웰니스 뮤지엄 약국 스토어 행사 참석. 옵티마 웰니스 뮤지엄은 기존 약국의 틀을 벗어나 건강과 라이프스타일을 접목한 새로운 형태의 웰니스 한편, 정원규는 방송과 콘텐츠 활동은 물론 패션·라이프스타일 브랜드와의 협업을 꾸준히 이어가며 다양한.",라이프
"유병자보험, 패러다임 바뀐다 '맞춤형 보험' 경쟁 본격화. 신한라이프도 건강등급과 간편심사 구조를 활용한 건강보험 상품 경쟁력을 높이고 있다. 단순 보장 제공을 넘어 건강관리, 질병 예방, 사후관리 서비스를 결합해 고객 접점을 확대하는 전략이다.",사회/세계
"캐릭터' 넘어 '세계관'으로, 네이버웹툰 AI챗 '바이어스' 출시. 영역으로 확대하고 있다""며 ""바이어스를 통해 원작의 매력을 새롭게 발견하고 IP에 대한 깊은 애착과 라이프사이클 강화로 이어지는 선순환 구조를 구축하겠다""고 말했다.",사회/세계
"""광고비 줄이고 MZ 잡고""…인플루언서는 유통가의 양날의 검? 종합식품기업 하림도 지난해부터 앰배서더로 스포츠·라이프스타일 분야의 인플루언서를 발탁하고 있다 .",라이프
"케이엠제약 최대주주, 자사주 1만4421주 매수. 중인 라이프케어 브랜드 중심 사업 전환과 중장기 성장 전략에 대한 자신감을 반영한 것이라고 덧붙였다.",사회/세계
"이마트24, 웰니스 먹거리 브랜드 '가뿐한입' 출시. 패키지에는 '고단백', '저당', '제로슈거' 등 상품별 핵심 특성을 표시해 소비자가 자신의 식습관과 라이프스 고객의 다양한 식생활과 라이프스타일을 반영한 차별화된 상품 개발을 이어가겠다""고 말했다.",문화/트렌드
"세계로 넓히는 시선, '2026 WFH 글로벌뉴스' 발간. 헤모필리아라이프에서는 전 세계 출혈질환 커뮤니티의 최신 지견과 생생한 인터뷰를 한눈에 볼 수 있는 '2026 헤모필리아라이프 사무국으로 직접 전화해 신청할 수 있다.",문화/트렌드
"""편의점, 야호""…스타 마케팅으로 팬덤 소비 잡는다. 음반과 굿즈에 머물던 팬덤 소비가 식음료와 라이프스타일 영역으로 확대되면서 이를 편의점 매장 방문과 팬덤 소비가 음반과 굿즈를 넘어 식품과 라이프스타일 영역으로 확대되면서 스타와의 협업이 브랜드.",라이프
"CJ제일제당, 사업구조 3개 부문으로 전면 재편…미래 성장 가속화. 기존 '식품'과 '바이오'로 운영하던 사업구조를 ▲라이프스타일식품 ▲기술소재 ▲핵심소재 등 3개 부문으로 재편하고, 성장성과 수익성이 낮은 한계사업은 정리하기로 했다.",사회/세계
"윌라, 분야별 도서 순위 등 ‘2026 상반기 결산’ 발표. 추리소설의 거장 히가시노 게이고의 신작 <매스커레이드 라이프>부터, 베르나르 베르베르의<영혼의 왈츠>, 한국 판타지 스릴러의 전설 <퇴마록> 시리즈 이우혁 작가의 신작 <파이로매니악>과 <신 퇴마록> 시리즈가 하반기.",라이프
"블라인드, 직장인 데이터 기반 AI 서비스 출시. 이력서와 선호하는 기업문화를 입력하면 라이프스타일과 강점에 맞는 기업을 추천받을 수 있다.",문화/트렌드
"KB국민카드, 긱워커 맞춤 'KB 온더고 체크카드' 출시. 이 카드는 외부 활동이 많은 긱워커의 라이프스타일을 고려해 혜택을 구성했다. 우선 주유와 커피 혜택을 구성했다""며 ""앞으로도 고객의 라이프스타일 변화에 맞춘 금융 서비스를 지속 선보이겠다""고 말했다.",라이프
"발롱블랑, 현대백화점 본점 팝업 성황… ‘토털 라이프스타일 브랜드’. 프리미엄 라이프스타일 브랜드 발롱블랑(BALLON BLANC)이 현대백화점 압구정본점 팝업스토어를 성공적으로 현장에서는 발롱블랑만의 감각적인 라이프스타일 룩을 직접 경험하려는 방문객들의 발길이 연일 이어지고 있다 .",라이프
"프랑스 럭셔리 에스.티.듀퐁, 갤러리아 명품관 EAST 새로운 부티크 오픈. 부티크에서는 라이터와 필기구를 비롯해 레더굿, 레디투웨어 컬렉션 등 에스.티.듀퐁을 대표하는 상징적인 컬렉션부터 라이프스타일을 아우르는 다양한 제품군을 한 공간에서 만나볼 수 있으며, 절제된 공간 구성과.",라이프
"발롱블랑, 현대백화점 압구정본점 팝업 진행… 토털 라이프스타일 시장. 이미지 = 발롱블랑 제공 라이프스타일 브랜드 발롱블랑(BALLON BLANC)이 현대백화점 압구정본점에서 진행 중인 특히 이번 팝업스토어에서는 브랜드의 핵심 아이덴티티인 아이웨어 제품군을 비롯해 대폭 확장된 라이프스타.",라이프
“후지 비켜” 진짜 폴라로이드 나타났다… 네덜란드·독일 생산 증대로. 내셔널지오그래픽 아시아 대표 시절 한국의 라이프스타일 및 아웃도어 의류 비즈니스를 성공적으로 안착시켰던 경험이 있는 그는 한국 시장만의 독특한 확장성을 꿰뚫고 있다고 자신했다.,라이프
"써모스, 여름맞이 최대 37% 할인 기획전. 써모스는 1904년 보온병 상품화 이후 120년 넘게 기술을 축적해온 글로벌 보온·보냉병 브랜드다. 최근 키친웨어를 론칭하며 라이프스타일 브랜드로 영역을 넓히고 있다.",라이프
"CJ올리브영, 웰니스 공략 강화…'모두의 잘 먹기 프로젝트' 전개. 프로젝트는 '잘 먹는 것부터 웰니스의 시작'이라는 콘셉트 아래 웰니스 입문자부터 건강 관리에 관심이 높은 소비자까지 라이프스타일에 맞는 상품과 섭취 루틴을 제안하는 데 초점을 맞췄다.",문화/트렌드
"포테이토헤드 발리, 웰니스 리트릿 첫 시리즈 마쳐. 9월 자바·11월 발리 챕터 운영 라이프스타일 복합공간 포테이토헤드 발리는 웰니스 리트릿 ‘Merasa Origins’의 첫 번째 시리즈를 지난달 11일부터 14일까지 운영했다고 1일 밝혔다.",문화/트렌드
"나인앤컴퍼니, 사명 변경 후 신사업 출범…글로벌 브랜드 사업 본격 추. 확대와 라이프스타일 플랫폼 구축 전략을 발표하고 있다. 사명을 변경한 이번 조직 개편의 핵심은 기존 패션 중심 사업구조에서 라이프스타일 전반으로 사업 영역을 확대하는 데 있다.",라이프
"CJ제일제당, 파격적 리밸런싱…식품·바이오 넘어 '3대 사업' 전환. 기존 '식품'과 '바이오' 중심의 사업 구조를 △라이프스타일식품 △기술소재 △핵심소재 등 3개 부문으로 재편하고, 성장성과 수익성이 낮은 사업은 정리해 사업 경쟁력을 강화한다는 방침이다.",사회/세계
"이마트24, 웰니스 먹거리 라인업 ‘가뿐한입’ 선봬. 손주현 이마트24 FF팀 팀장은 ""건강 관리가 일상적인 소비 기준으로 자리잡으면서 맛과 영양을 함께 고려한 먹거리에 대한 관심이 높아지고 있다""며 ""앞으로도 고객의 다양한 식생활과 라이프스타일을 반영한 새로운.",문화/트렌드
올리브영·한샘·쿠팡. 이번 행사는 웰니스 입문자부터 중·고관여자까지 고객의 라이프스타일에 맞는 상품과 섭취 루틴을 제안하는 첫 연합 프로모션이다.,문화/트렌드
"팀 어메이징크리 정한밀, KPGA 군산CC 오픈 첫 우승…안정적 경기 운영. 선수들이 투어에서 안정적으로 기량을 발휘할 수 있도록 후원을 이어가겠다”고 전했다. 한편 어메이징크리는 디자인과 기능성을 기반으로 골프웨어 제품을 전개하는 하이엔드 골프 라이프스타일 브랜드다.",라이프
"휴온스엔, 건기식 자회사 '바이오로제트' 흡수합병 마무리. 휴온스그룹 라이프케어 솔루션 기업 휴온스엔이 100% 종속회사인 건기식 제조 전문 기업 '바이오로제트'의 흡수합병을 마무리하며 제조 역량을 극해화했다.",IT/과학
"씨이오인터내셔널, 김동환 COO 신임 대표이사 선임. 또한 프래그런스를 중심으로 올라플렉스(Olaplex), 본다이워시(Bondiwash) 등 헤어·바디 및 라이프스타일 분야로 사업 영역을 확대하고 있다.",사회/세계
"토스인슈어런스·DB손보·한화생명·신한라이프. ■ 신한라이프, 출범 5주년…'리딩 보험사' 도약 선언 신한라이프가 출범 5주년을 맞아 고객과 사회에 대한 감사의 의미를 되새기며 리딩 보험사로의 도약을 선언했다.",사회/세계
"동일토건, '용인 반도체 클러스터'에 직주근접 첫 아파트 공급. 이와 함께 문화예술 공간과 친환경 수변 공원 등 쾌적한 웰빙 라이프를 누릴 수 있는 인프라가 단계적으로 조성되면서, 향후 주거 선호도가 수도권 수준으로 격상될 것이라는 전망이 지배적이다.",경제
"CJ제일제당, 식품·바이오 대신 3대 사업체제로 재편. 1일 CJ제일제당은 ▲라이프스타일 식품 ▲기술소재 ▲핵심소재 등 3개 사업부문 체제로 조직을 개편한다고 라이프스타일 식품사업부문은 글로벌 K-푸드 센터 역할을 맡는다.",사회/세계
"CJ제일제당, 사업구조 전면 재편해 미래 성장 가속화. CJ제일제당이 1일 기존 식품과 바이오로 이원화됐던 사업 구조를 ▲라이프스타일식품 ▲기술소재 CJ제일제당은 라이프스타일식품 부문에 대해 비비고 브랜드를 중심으로 글로벌 K-푸드 성장을 주도하는 역할을 맡으며.",사회/세계
"CJ제일제당, 사업구조 3개 부문 전면 개편 ""글로벌 리딩 기업 도약"". 기존 '식품'과 '바이오'로 이원화되어 있던 사업 구조를 ▲라이프스타일식품 ▲기술소재 ▲핵심소재 등 3개 글로벌 라이프스타일 리딩 기업으로 진화하겠다""고 강조했다.새롭게 출범하는 3개 사업 부문은 명확한.",사회/세계
성대규·곽희필 '임기 1년' 성과 보니…통합계획 지연되나. 우리금융지주의 인수 이후 통합 생명보험사 우리라이프(가칭) 설립을 위해 노력했다. 다만 실적과 건전성 두 최고경영자(CEO)는 1년간 우리라이프 통합을 위한 기반 다지기에 앞장섰다.,정치
"신한라이프, 출범 5주년…상생 가치 되새기며 새 도약 다짐. 사진=신한라이프 신한라이프는 출범 5주년을 맞아 임직원과 영업가족이 함께 생명보험 본업의 가치와 발자취를 되돌아보고 고객과 사회에 감사의 뜻을 전하는 기념행사를 개최했다고 1일 밝혔다.",사회/세계
"CJ제일제당, 수익·성장사업 중심으로 '사업구조 수술' 단행. 인적 분할 이후 첫 순손실 위기…글로벌 시장 개척 주력 이재현 회장 ""라이프스타일이 차세대 동력"" 지침 CJ제일제당은 기존 식품·바이오 중심의 사업 구조를 ▲ 라이프스타일식품 ▲ 기술소재 ▲ 핵심소재 등 3대.",사회/세계
"메디쏠라, 신세계백화점 강남 · 본점 잇단 진출…프리미엄 푸드케어 접. 신세계백화점 본점은 국내 프리미엄 식문화와 라이프스타일 트렌드를 이끄는 상징적인 공간으로 평가받는다.",사회/세계
"CJ제일제당, 3대 사업부문으로 조직 재편 '왜'. CJ제일제당은 1일 식품·바이오로 나뉘었던 기존의 사업 구조를 △라이프스타일식품 △기술소재 △핵심소재 등 3개 부문으로 전면 재편한다고 밝혔다.",문화/트렌드
"아임비타, 배우 김우빈과 신규 TV 광고 론칭…브랜드 메시지 전달. 광고 내에서는 ‘아임비타면 아임파인(I’m Vita, I’m Fine)’이라는 메시지를 반복적으로 노출하며, 브랜드 제품과 함께하는 일상적인 라이프스타일을 시각적으로 강조했다.",사회/세계
"""한 캔에 단백질 25g""…고단백 열풍에 존재감 키우는 동원참치. 1982년 국내 최초로 출시된 동원참치는 당시 고급 식품으로 출발해 시대별 라이프스타일 변화에 맞춰 국민 반찬이자 웰빙 건강식품으로 진화해 왔습니다.",라이프
"CJ제일제당, 사업구조 대수술…K-푸드·기술소재·핵심소재 3축 재편. 이에 따라 기존 조직은 △라이프스타일식품 △기술소재 △핵심소재 등 3개 사업 부문으로 새롭게 재편된다 . 글로벌 라이프스타일 리딩 기업으로 진화하겠다""고 강조했다.",사회/세계
"1400만 직장인 데이터로…""이직 6개월 전"" 퇴사 신호 포착. 자신의 이력서와 선호하는 기업문화를 입력하면 라이프스타일과 강점에 맞는 기업을 추천받는 기능도 제공될 예정이다. 블라인드 AI는 블라인드 허브 웹페이지에서 이용할 수 있다.",문화/트렌드
"신한라이프, 출범 5주년…""리딩 보험사 도약"" 선언. com 신한라이프가 출범 5주년을 맞아 생명보험 본업 경쟁력 강화와 사회적 책임 확대를 통한 '리딩 보험사' 도약 의지를 밝혔다.",사회/세계
"한화생명 치매 케어 솔루션 구축·교보생명 국가무형유산. 교보생명은 국가무형유산 전승 지원을 이어갔고, 신한라이프는 출범 5주년을 맞아 새로운 성장 비전을 ◆신한라이프, 출범 5주년 맞아 '리딩 보험사' 도약 선언 신한라이프는 출범 5주년을 맞아 임직원과 영업가족이.",사회/세계
"KB국민카드, 이동 잦은 긱워커 위한 체크카드 출시. 이 카드는 이동이 자유롭고 외부활동이 많은 긱워커의 라이프스타일에 맞춘 혜택을 제공하는 점이 고객의 라이프스타일 변화에 빠르게 대응한 맞춤형 금융 서비스를 지속적으로 선보일 계획""이라고 말했다.",사회/세계
"현대카드' 뺐다 '알파벳카드' 독자브랜드로 키운다. 현대카드는 2003년 M, 2004년 S를 기점으로 W·A·K·T·U까지 알파벳 한 글자, 한 글자에 회원 취향과 라이프스 회원 라이프스타일을 정리한 알파벳을 전면에 크게 인쇄해 상품을 직관적으로 이해할 수 있게 했다 .",라이프
"민소매 차림에 청바지…지드래곤, 뜻밖의 女 인플루언서에 '좋아요' 눌. 현재는 SNS를 통해 패션, 뷰티, 웰니스 라이프스타일을 공유하는 트렌디한 인플루언서로 입지를 다졌고 출판 및 모델 활동 등 다채로운 영역에서 본인만의 독창적인 정체성을 구축해 나가는 중이다.지난 5월 16일에는 서울.",라이프
"키움 안우진, 11K 괴력투로 LG 완파. 부상과 재활을 거듭했던 안우진은 지난 4월 복귀 후 가장 완벽한 투구를 선보이며 에이스의 존재감을 다시 한번 입증했다.",사회/세계
"계열사 시너지 한계·전액보증 공백…보람상조, 업계 3위 수성 '빨간불. 선수금 기준 2위 자리를 교원라이프에 내준 데 이어, 업계 안팎에서는 3위 자리마저 안심할 수 없다는 전망이 (보람상조개발·보람라이프·보람리더스·보람피플·보람애니콜·보람실로암·보람플러스)의 선수금 규모는.",사회/세계
"‘부산 돌려차기’ 사건 가해자, 보복 협박 혐의 재판 연속 불출석. 이후 A씨는 수감 중 동료 수감자에게 피해자 주소 등을 언급하며 보복성 발언을 한 혐의 등으로 추가 기소됐다. 1심은 이에 지난 2월 A씨에게 징역 1년을 추가 선고했다.",사회/세계
"롯데렌탈 품는 TPG…롯데, 11년 만에 렌터카 사업 매각 '초읽기'. 현재 미국 위성방송 사업자 다이렉트TV, 정신건강 서비스 기업 라이프스탠스헬스, 호주 펫케어 기업 그린크로스 등에도 투자하고 있다.",IT/과학
"KB국민카드, 긱워커 맞춤형 On the Go 체크카드 공개. 이번 상품은 이동이 자유롭고 야외 활동이 많은 긱워커의 라이프스타일에 맞춰 주유, 커피, 패스트푸드 고객의 라이프스타일 변화에 빠르게 대응한 맞춤형 금융 서비스를 지속적으로 선보일 계획""이라고 말했다 .",사회/세계
"“늙어도 성욕 포기 못해”…억만장자 여성들, 연 4000만원 쓴다 [라이프. 미국 실리콘밸리의 부유층 여성들이 폐경과 성욕 저하를 관리하기 위해 연간 수천만원을 내는 회원제 여성 건강 클리닉을 찾고 있다.",라이프
"한국투자증권, 첫 성장형 IMA 출시 外. 그래픽=신한라이프 ◇신한라이프, 출범 5주년 기념행사 신한라이프는 출범 5주년을 맞아 임직원과 영업가족이 함께 고객과 사회에 감사의 의미를 전하는 기념행사를 진행했다고 1일 밝혔다.",사회/세계
"신한라이프 출범 5주년…천상영 사장, “신흥 강자를 넘어 리딩 보험사. 천상영 신한라이프 사장이 출범 5주년을 맞아 ‘리딩 보험사’ 도약을 새로운 비전으로 제시했다. 이를 실현하기 위해 본업 경쟁력 강화를 외쳤다.",사회/세계
"현대카드, '알파벳카드' 선봬…새 브랜드 체계 구축. 라이프스타일을 알파벳으로 구분한 상품 체계와 차별화한 디자인을 앞세워 브랜드 경험을 확대한다는 취향과 라이프스타일을 담아왔다.",라이프
"사상여성새로일하기센터, 오는 10일 ‘직장문화 워크숍’ 개최. 부산 사상구 사상여성새로일하기센터(이하 사상새일센터)는 오는 10일 ‘워크&라이프 리디자인, 직장문화 워크숍’을 개최한다고 밝혔다.",문화/트렌드
"""미래 성장 기회 확보"" CJ제일제당, '식품·기술·소재' 3각 편대 가동. 기존 '식품'과 '바이오' 중심의 이원화 체제를 △라이프스타일식품 △기술소재 △핵심소재 등 3개 글로벌 라이프스타일 리딩 기업으로 도약하겠다""고 말했다.",사회/세계
"신한카드 外, 카드사 경쟁축이 바뀐다…결제앱·독자브랜드·ESG로 고객. ESG, 라이프스타일 경쟁으로 이동하고 있다.",라이프
"이마트24, 고단백·저당·제로슈거 담은 '가뿐한입' 라인업 출시. 패키지 전면에는 '고단백' '저당' '제로슈거' 등 각 상품의 핵심 특성을 나타내는 마크를 적용해 고객이 자신의 식습관과 라이프스타일에 맞는 상품을 쉽게 선택할 수 있도록 했다.",라이프
"국립보건연구원, 초정밀 의료AI 연구 위해 100만명 데이터 구축. 국립보건연구원은 기존 코호트와 바이오뱅크를 기반으로 임상·역학, 의료영상, 라이프로그, 유전체 등을 통합한 AI 학습용 건강정보 데이터 45종, 100만명 규모를 구축할 계획이다.",IT/과학
"신한라이프 천상영 ""신흥 강자 넘어 진정한 리딩 보험사 만들자"". 천상영 신한라이프 사장이 신흥 강자 수준을 넘어 업을 선도하는 리딩 보험사로 도약하겠다는 포부를 밝혔다.",사회/세계
"""PLCC 늘리고 T1 팬덤 잡고""…카드업계 '3사 3색' 승부수. 우리카드는 올해에만 '카드의정석2 SHOPPER(쇼퍼)', '카드의정석2 원더라이프', '카드의정석2 AUTO', '카드의정석2 DAILY(데일리)', '카드의정석2 ROUTINE(루틴)', '카드의정석2 SUPER(슈퍼)' 등을 출시하며 상품 라인업을 빠르게.",사회/세계
"이마트24, ‘가뿐한입’ 론칭…고단백·저당·제로슈거 먹거리 강화. 식습관과 라이프스타일에 맞는 상품을 쉽게 선택할 수 있도록 했다.",라이프
"신한라이프, 출범 5주년 맞아 기념행사 열고 ‘감사와 상생’ 강조. 신한라이프가 출범 5주년을 맞아 임직원과 영업가족이 함께 생명보험 본업의 가치와 발자취를 되돌아보는 고객의 삶 전체 여정을 가장 오래, 가장 가까이에서 함께하는 일상의 ‘라이프 파트너’로 도약하겠다는.",사회/세계
"정보석, 사업 실패 위기 고백…""임성한 작가 덕에 볼링장 살고 나도 살. 지난달 30일 채널 '송승환의 원더풀라이프'에 공개된 영상에서 정보석은 게스트로 출연해 40년 연기 인생뿐만 담백한 인생 스토리가 안방 시청자들에게 감동과 재미를 선사하고 있다.",사회/세계
"CJ웰케어, 멜라메이트 신제품 2종…맞춤형 수면 케어 강화. 소비자들의 다양한 라이프스타일과 섭취 습관을 반영해 구미와 구강용해필름(ODF) 등 새로운 제형을 CJ웰케어 관계자는 ""신제품 출시를 통해 소비자들이 자신의 라이프스타일과 섭취 습관에 맞는 나이트 루틴을 더욱.",사회/세계
"KB국민카드, 배달라이더·대리기사 위한 'KB On the Go 체크카드' 출시. 가장 밀접한 주유, 통신, 보험 등을 중심으로 상품을 설계했다""며 ""앞으로도 세분화되는 소비자들의 라이프스타일 변화를 빠르게 포착해 딱 맞는 맞춤형 금융 서비스를 지속해서 선보일 것""이라고 말했다.",사회/세계
"신한라이프, 출범 5주년 맞아 고객·영업현장 감사… 리딩 보험사 비전. 라이프(대표이사 사장 천상영)는 출범 5주년을 맞아 임직원과 영업가족이 함께 생명보험 본업의 가치와 발자취를 되돌아보며 고객과 사회에 감사 의미를 담은 기념행사를 진행했다고 1일 밝혔다.",사회/세계
"가구톡세상, '7월 썸머 입주 페스타' 개최. 사진제공- 가구톡세상 이번 페스타에서는 라이프스타일별 기능성 소파 3종을 선보인다.",문화/트렌드
"세라젬, 2530세대 겨냥 '리플랙스 마사지 소파베드' 출시. 리플랙스 마사지 소파베드는 세라젬 공식몰을 비롯해 네이버 브랜드 스토어, 오늘의집 등 온라인 채널과 백화점 등에서 구매할 수 있다 한편 세라젬은 고객들과 라이프스타일에 대한 공감대를 형성하기 위해 오는 21일.",사회/세계
"어메이징크리 정한밀 프로, KPGA 군산CC 오픈서 첫 우승. 퍼포먼스를 펼칠 수 있도록 후원을 이어가겠다”고 말했다. 한편 어메이징크리는 필드와 일상을 아우르는 하이엔드 골프 라이프스타일 브랜드다.",라이프
"2026년 장마기간? 이동에 따른 우리나라 주변 기압계 변동성이 있겠고, 강수지역과 시점이 변경될 가능성이 있겠으니, 앞으로 발표하는 최신 예보를 참고해 달라고 기상청은 당부했다.",사회/세계
"CJ제일제당, 한계사업 덜어내고 미래사업 키운다. 구조를 ▲라이프스타일식품 ▲기술소재 ▲핵심소재 등 3개 사업부문으로 재편한다. 수익성과 성장성이 낮은 한계 사업은 과감하게 정리한다는 방침이다.",라이프
"발리 포테이토헤드, 'Merasa Origins' 웰니스 리트릿 첫 행사 성료. 발리에 자리한 라이프스타일 거점 포테이토헤드가 올해 기획한 웰니스 프로그램 'Merasa Origins'의 첫 번째 시리즈를 완료했다고 1일 밝혔다.",문화/트렌드
"CJ제일제당, 사업구조 3대 부문 전면 재편…부문별 대표 선임. 라이프스타일식품은 그레고리 옙 대표, 기술소재는 윤석환 대표이사, 핵심소재는 김찬호 대표가 맡는다 .",사회/세계
"하나카드, 3일 연속 쓰면 2배 적립···'무빙카드' 출시. 제공하는 라이프스타일 카드를 선보이며 고객 확보에 나선다.",사회/세계
"놀유니버스, '놀 페스티벌' 얼리버드 응모 시작. 10월 17일 K팝 스테이지에는 클로즈 유어 아이즈와 키스오브라이프, 리센느, 데일리디렉션이 출연한다. 18일에는 에반과 킥플립, 키키, 아홉이 무대에 오른다.",사회/세계
"CJ올리브영, 올리브베러와 첫 연합 프로모션 '모두의 잘 먹기 프로젝트. CJ올리브영이 소비자의 라이프스타일에 맞춘 상품과 건강한 섭취 루틴을 제안하는 '모두의 잘 먹기 프로젝트' 프로모션을 전개한다고 1일 밝혔다.",라이프
"그레이스클럽 그린몬스터, '밀슐랭 단백질 쿠키' 3종 출시. 그린몬스터 관계자는 ""최근 소비자들은 단백질 함량뿐 아니라 맛과 식감까지 만족할 수 있는 제품을 중요하게 생각하고 있다""며 ""밀슐랭 단백질 쿠키는 건강과 디저트를 함께 즐기는 라이프스타일을 반영한 제품으로.",사회/세계
"하나카드, 차세대 주력 상품 '무빙카드' 선봬…""3일 연속 쓰면 혜택 2배. 무빙카드는 '손님의 편의를 위해 한발 앞서 움직이는 하나카드'라는 의미를 담은 상품으로, 사용 습관과 라이프스타일 변화에 맞춰 혜택이 달라지는 것이 가장 큰 특징이다.",사회/세계
"윌라, ‘2026 상반기 결산’ 발표 및 하반기 오픈 예정 라인업 선공개. 추리소설의 거장 히가시노 게이고의 신작 '매스커레이드 라이프'부터, 베르나르 베르베르의 '영혼의 왈츠', 한국 판타지 스릴러의 전설 '퇴마록' 시리즈 이우혁 작가의 신작 '파이로매니악'과 '신 퇴마록' 시리즈가 하반기.",문화/트렌드
"현대카드, 라이프스타일 맞춤형 독립 브랜드 '알파벳카드' 선봬. 현대카드가 기존 현대카드와는 별도의 정체성을 담은 독립 브랜드 '알파벳카드'를 출범시키며 라이프스 알파벳카드는 2003년부터 알파벳별로 고객의 소비 성향과 라이프스타일에 맞춘 혜택을 제공해 온 카드.",사회/세계
"신세계면세점, VIP 전용 공항 모빌리티 서비스 도입…프리미엄 멤버십. 업계 관계자는 ""면세업계는 가격 경쟁을 넘어 이동과 여행, 라이프스타일을 아우르는 프리미엄 멤버십 서비스 경쟁이 본격화되고 있다""며 ""VIP 고객의 체류 경험을 확대하는 맞춤형 서비스가 차별화된 경쟁력으로 자리.",사회/세계
"KB증권, 개인형IRP∙연금저축 고객 대상 순입금 이벤트 실시. IRP 이벤트는 고객의 라이프스타일에 따라 네이버페이, 배달의 민족, 다이소, 올리브영, GS25 편의점, CU 편의점 등 브랜드 쿠폰 중 원하는 혜택을 선택할 수 있으며, 최대 3만원 상당의 리워드가 제공된다.",사회/세계
"류현진에 사이영상 레이스 역전했던 전설, 38살인데 161.7㎞ 강속구 팡팡. 초구 98.4마일 직구를 바깥쪽 높은 스트라이크존으로 던졌지만, 만자르도가 정확하게 받아쳐 우중간 펜스를 살짝 넘어가는 라인드라이프 대포로 연결했다. 디그롬의 올시즌 16번째 피홈런.",사회/세계
"퀸잇 ""애슬레저 카테고리 거래액 66% 성장"". 사진=퀸잇 제공 라포랩스가 운영하는 4050 라이프스타일 플랫폼 '퀸잇'에서 애슬레저 카테고리가 일상복과 기능성 의류의 경계를 허문 '라이프웨어' 수요와 맞물려 성장세를 보이고 있다고 1일 밝혔다.",라이프
"삼성전자, tvN '내일도 출근!' 제작 지원…글로벌 'AI 가전' 영토 확장 나. 삼성전자와 스튜디오드래곤의 이번 협업은 차별화된 AI 가전과 스마트한 'AI 홈' 라이프스타일을 소비자에게 자연스럽게 알리기 위해 기획됐다.",IT/과학
"CJ제일제당, '식품·기술·소재'로 사업 구조 개편. 기존 ‘식품’과 ‘바이오’로 이원화되어 있던 사업 구조를 ▲라이프스타일식품 ▲기술소재 ▲핵심소재 식문화와 라이프스타일 경험을 전파.",문화/트렌드
"천상영 신한라이프 사장 ""고객 삶 함께하는 리딩 보험사로 도약"". 신한라이프는 출범 5주년 기념행사를 열고 고객과 영업가족, 임직원 등 이해관계자와 상생의 가치를 신한라이프는 이날 사회공헌 브랜드 슬로건인 '따뜻한 채움'도 새롭게 공개했다.",사회/세계
"그레이슨, 상반기 매출 전년 대비 약 190% 증가. | 내외경제TV=반재동 기자 | 프리미엄 골프 라이프스타일 브랜드 그레이슨(GREYSON)은 2026년 상반기 누적 매출이 전년 동기 대비 약 190% 증가했다고 밝혔다.",라이프
"신한라이프·토스·신협·업비트·DB손해보험 ""금융권,. 신한라이프 신한라이프는 출범 5주년을 맞아 고객과 사회에 감사의 의미를 담은 기념행사를 진행했다.",사회/세계
"직장암 4기·폐 전이' 이사벨라, 중증 치매 남편 간병까지 (퍼펙트 라이. 이사벨라가 '퍼펙트 라이프'를 통해 두 번째 암 투병과 중증 치매를 앓고 있는 남편과의 애틋한 일상을 CHOSUN '퍼펙트 라이프'에서 확인할 수 있다.",라이프
"씨이오인터내셔널, 김동환 대표이사 선임. 회사 측은 이에 안주하지 않고 다각화된 트렌드 변화에 맞춰 올라플렉스(Olaplex), 본다이워시(Bondiwash) 등 헤어·바디 및 라이프스타일 브랜드를 다채롭게 도입하고 있다.",사회/세계
"신한라이프, 출범 5주년 맞아 새 도약 다짐. 컨슈머타임스=김예령 기자 | 신한라이프가 출범 5주년을 맞아 고객과 사회에 감사의 뜻을 전하고 새로운 성장 비전을 공유하는 기념행사를 열었다.",사회/세계
"놀유니버스, 'NOL FESTIVAL' 얼리버드 접수 시작…2차 출연진 공개. 이번에 공개된 2차 출연진에는 K-팝 무대에 클로즈 유어 아이즈(CLOSE YOUR EYES), 키스오브라이프(KISS OF LIFE), 리센느(RESCENE), 데일리디렉션(DAILY:DIRECTION)이 이름을 올렸다.",사회/세계
"""식품·바이오 경계 허문다""…CJ제일제당 사업구조 전면 재편. CJ제일제당이 '식품'과 '바이오'로 이원화되어 있던 사업 구조를 라이프스타일식품과 기술소재, 핵심소재 등 라이프스타일 식품사업부문은 '비비고'를 중심으로 글로벌 K-푸드 경험을 전파하며, 기술소재사업부문은.",사회/세계
"신은수 AWS 수석 ""AI 보안 위협 시대…해법은 '시프트 레프트'와. 타사 플랫폼과 차별점에 대해 신 수석은 ""AWS 시큐리티 에이전트와 콘티늄은 개발 라이프사이클 전반에 걸쳐 취약점 검색, 검증, 교정은 물론 설계 리뷰와 자동화된 침투 테스트까지 다양한 기능을 복합적으로.",IT/과학
"김해, 신문 대상 웰라움 라시엘 분양 일정 돌입. 또한 향후 공간 활용 변화에 대응할 수 있도록 가변형 구조를 일부 적용해 라이프스타일 변화에 유연하게 대응할 수 있도록 설계했다.",라이프
"벤투 “한국 축구, 원점서 다시 봐야”. 한국 축구를 더 나은 방향으로 이끌기 위해서는 구성원 모두가 각자의 위치에서 본인의 역할과 책임을 냉정하게 분석하고 고민해야 한다는 점”이라고 조언했다.",문화/트렌드
"46cm'에 담은 승부수···LG생활건강, HDB 브랜드 키운다. LG생활건강 관계자는 ""46cm는 활동적인 라이프스타일을 영위하는 고객을 대상으로 체취 케어라는 특화 카테고리를 친근한 콘셉트로 풀어낸 브랜드""라며 ""독자적인 세정 성분과 기술을 적용한 포뮬러를 바탕으로 체취.",사회/세계
"이상운 KT CISO ""방대한 데이터와 인프라 바탕 세계 수준 정. 고객 일상에 보안이 보이지 않게 스며들어 안심하고 디지털 라이프를 누리게 하는 것, 그래서 결국 그것이 KT서비스를 선택할 수밖에 없는 이유가 되는것, 그런 보안 체계를 만드는 것이 내가 KT에서 하고 싶은 일이다."".",라이프
"AI 메이크업부터 피부 진단까지…올리브영 '뷰티 맨션' 가보니. 4층은 이너뷰티와 식품, 기념품 등 라이프스타일 상품을 중심으로 구성됐다. 계산대도 이곳에 마련됐으며, 한쪽에는 LP 음악을 들으며 휴식을 취할 수 있는 공간과 테이블, 의자가 배치돼 쇼핑 중 잠시 머물 수 있도록 했다 .",라이프
"""서울옥션, '더 챔버'와 건강한 컬렉터 기반 확대한다"". 강남센터 8층 테라스 공간을 활용해 낭만적인 분위기를 꾸림과 동시에 예술과 라이프스타일이 자연스럽게 연결되는 경험을 제공하고자 합니다.",문화/트렌드
"오늘의 보험계 소식 한화생명·DB손해보험·신한라이. 신한라이프는 출범 5주년을 맞아 새로운 사회공헌 슬로건 '따뜻한 채움'을 공개하고 리딩 보험사 도약을 ◆ 신한라이프, 고객·사회와 상생 강조…5주년 맞아 미래 비전 제시 신한라이프(대표이사 천상영)는 출범.",사회/세계
"“노란 장판은 옛말” PVC 바닥재가 뜬다…KCC글라스 ‘포레스톤’, 프. 1일 업계에 따르면 최근 바닥재 시장에서는 단순한 디자인 경쟁을 넘어 반려동물 친화성, 생활 소음 저감, 보행감, 친환경성 등 소비자의 라이프스타일을 반영한 기능성 제품에 대한 수요가 빠르게 확대되고 있다.",사회/세계
"그린몬스터, '밀슐랭 단백질 쿠키' 출시… 헬시플레저 트렌드 맞춘 프로. 그린몬스터 관계자는 ""최근 단순한 영양 보충을 넘어 맛까지 만족시키는 제품을 찾는 소비자가 크게 늘고 있다""며 ""밀슐랭 단백질 쿠키는 이러한 트렌드를 반영해 기획한 제품으로 앞으로도 소비자의 라이프스타일에 맞춘.",사회/세계
"신한라이프, 출범 5주년 맞아 '상생' 실천 다짐…'리딩 보험사' 도약'. 퍼블릭타임스=신한라이프가 출범 5주년을 맞아 고객과 영업가족, 임직원에게 감사의 뜻을 전하고 생명보험 본업의 가치인 '상생'을 실천하겠다는 의지를 밝혔다.",사회/세계
"CU, 걸그룹 리센느 브랜드 모델 발탁…협업 상품 순차 출시. CU는 K-팝 팬덤 소비가 음반과 굿즈를 넘어 식품과 라이프스타일 분야로 확대되는 트렌드를 반영해 이번 모델 계약을 추진했다고 설명했다.",라이프
"""CU 야호!"" 확 뜬 리센느, 편의점 최초 아이돌 브랜드 모델로. K팝 팬덤 소비가 음반과 굿즈를 넘어 식품과 라이프스타일 분야로 확대되는 흐름에 맞춰 새로운 고객 경험을 제공, 브랜드 경쟁력을 강화하겠다는 전략이다.",라이프
"하나카드 '무빙카드' 출시…3일 연속 결제하면 적립 2배. 고객의 라이프스타일 변화에 대응하는 모드 변경 기능도 갖췄다. 소비 성향에 따라 올데이, 온라인, 플레이, 라이프, 글로벌 등 총 5개 모드를 지원한다.",라이프
"CJ제일제당, 3대 사업부문 재편으로 체질 개선…미래 성장 가속화. CJ제일제당은 이번 개편을 통해 ▲라이프스타일식품 ▲기술소재 ▲핵심소재 부문으로 사업 구조를 전면 우선 라이프스타일식품사업부문은 글로벌 K-푸드 센터 역할을 수행한다.",사회/세계
"K-소비재, 역직구로 세계 문 앞까지…코트라, 수출물류 최적화 가이드. K-라이프스타일의 확산과 화장품(전체 판매액의 56% 비중)과 패션, K-팝 굿즈, 간편식과 건강기능식품 등으로 저변도 확대되는 추세다.",라이프
"""건강한 협력 관계""…코웨이, 코디코닥지부와 단협 타결. 베스트 라이프 솔루션 기업 코웨이는 지난달 29일 방문점검판매원 노조인 코디코닥지부와 교섭 3개월 만에 단체교섭을 무분규로 타결했다고 1일 밝혔다.",라이프
"불확실성 뚫고 미래로… CJ제일제당, ‘3대 축’ 중심으로 체질 개선 단. 대내외적 위기 상황에 선제적으로 대응하고자 기존의 식품과 바이오라는 이분법적 사업 체제를 라이프스타 새로 재편된 라이프스타일식품 부문은 비비고 브랜드를 앞세워 만두, 치킨, 가공밥, 소스, 김치 등 글로벌.",사회/세계
"CJ제일제당, 라이프스타일식품·기술소재·핵심소재 3축으로 리밸런싱. 기존 식품사업부문과 바이오사업부문으로 이원화돼 있던 사업구조를 ▲라이프스타일식품 ▲기술소재 그레고리 옙 대표가 라이프스타일식품사업부문을 맡고 윤석환 대표는 기술소재사업부문, 김찬호 대표는.",사회/세계
"피렐리, 한국 도로 최적화 사계절 타이어 출시. 한국의 엄격한 소음 및 안전 기준을 선제적으로 충족하기 위해 개발된 신규 패턴""이라며 ""앞으로도 국내 소비자의 다양한 라이프스타일과 차량 제원에 최적화된 선택지를 지속적으로 제공할 계획""이라고 밝혔다.",라이프
"창학 50년 서영대, '힘을 기르자' 정신으로 지역 넘어 세계로 뻗는다. 간호·보건·돌봄서비스, 모빌리티, 에너지, 제조공업, 라이프서비스 등 다양한 분야에서 서영대 출신 평생·미래교육 분야에서도 ‘광주형 미래라이프 커뮤니티 아카데미 운영사업’을 통해 중장년층과 지역민의.",사회/세계
"CJ제일제당, '선택과 집중' 사업구조 재편 .소재·식품 축으로 '대전환. 이번 대전환의 핵심은 기존 식품과 바이오로 나뉘었던 이원화 구조를 라이프스타일식품, 기술소재 라이프스타일 식품사업부문은 '글로벌 K-푸드 센터'의 역할을 수행하며, 비비고 브랜드를 앞세워 만두와 치킨, 김치 등.",사회/세계
"국민 가수인데…임영웅 “히트곡 없다” 속앓이. 지난달 30일 SBS ‘산골총각 영웅’에서는 ‘산골 호스트’로 변신한 임영웅과 그의 절친 허경환, 현봉식, 조째즈가 첫 손님으로 등장해 본격적인 산골 라이프를 시작했다.",사회/세계
"현대카드, ‘알파벳’ 헤리티지로 새 정체성 보여주는 '알파벳카드' 출. 당시 현대카드는 알파벳 한 글자에 고객의 소비 성향과 라이프스타일을 담아 카드 상품을 구분했다.",라이프
"출범 5주년 신한라이프, ‘리딩 보험사 도약’ 비전 제시…“상생 가치. 신한라이프가 출범 5주년을 맞아 ‘업을 선도하는 리딩 보험사’로 도약하기 위한 비전으로 고객과의 상생 가치를 강조했다.",사회/세계
"윌라, '2026 상반기 결산'…주요 인기 분야별 도서 순위 공개. 추리소설의 거장 히가시노 게이고의 신작 <매스커레이드 라이프>부터, 베르나르 베르베르의 <영혼의 왈츠>, 한국 판타지 스릴러의 전설 <퇴마록> 시리즈 이우혁 작가의 신작 <파이로매니악>과 <신 퇴마록> 시리즈가 하반기.",라이프
"르마스크, 직장인 여성 타깃 ‘코어 시리즈 006’ 노트북 백팩 출시. 여름철 오피스룩과 데일리 스타일링에 모두 최적화된 르마스크의 신제품 코어 시리즈 노트북 백팩 (르마스크) 디자이너 가방 브랜드 르마스크(LEMASQUE)가 여성 직장인 및 워킹맘의 라이프스타일을 반영한 노트북 백팩.",사회/세계
"신한라이프, 출범 5주년 기념행사 실시…감사·상생 의미 되새겨. 신한라이프(사장 천상영)는 출범 5주년을 맞아 임직원과 영업가족이 함께 생명보험 본업 가치와 발자취를 되돌아보며 고객과 사회에 감사의 의미를 담은 기념행사를 진행했다고 1일 밝혔다.",사회/세계
"윌라, '2026 상반기 결산' 발표 및 기념 이벤트 전개. 추리소설의 거장 히가시노 게이고의 신작 <매스커레이드 라이프>부터, 베르나르 베르베르의 <영혼의 왈츠>, 한국 판타지 스릴러의 전설 <퇴마록> 시리즈 이우혁 작가의 신작 <파이로매니악>과 <신 퇴마록> 시리즈가 하반기.",라이프
"유피인터 ""AI로 K브랜드 세계시장 경쟁력 높인다"". 고객사 대다수가 디자이너 패션 브랜드에 집중돼 있으나 뷰티·라이프스타일 분야로 사업을 확대하고 있다.",라이프
"네이버웹툰, 웹툰 IP 기반 AI 스토리챗 '바이어스' 출시. 참여하고 확장해 나가는 '인터랙티브' 영역으로 나아가고 있다”며 “바이어스를 통해 원작의 매력을 새롭게 발견하고, IP에 대한 깊은 애착과 라이프사이클 강화로 이어지는 선순환 구조를 만들어 나가겠다”고 말했다.",IT/과학
"신한라이프, 출범 5주년…기념식 대신 현장 찾아 고객에 감사. 신한라이프가 출범 5주년을 맞아 생명보험 본업의 가치와 발자취를 되돌아보는 시간을 가졌다. 천상영 일상의 '라이프 파트너'로 도약하기 위해 마련됐다고 신한라이프는 설명했다.",사회/세계
"5월 외국인 관광객 카드 소비 사상 최초 2조원 돌파. 라인프렌즈, BT21 협업 팝업스토어, 포켓몬 카드, 피규어 등의 판매가 급증했다.이번 분석에서 가장 주목할 점은 외국인 인바운드 소비 트렌드가 글로벌 2030 세대 중심의 ‘라이프스타일 소비’와 중국 관광객.",라이프
"포테이토헤드, 발리 웰니스 리트릿 ‘Merasa Origins’ 마무리…한국 웰. 사진 = 포테이토헤드 발리의 라이프스타일 복합공간 포테이토헤드(Desa Potato Head Bali)가 2026년 새롭게 선보인 웰니스 리트릿 프로그램 'Merasa Origins'의 첫 번째 챕터를 성공적으로 마무리했다고 1일 밝혔다.",문화/트렌드
"CJ제일제당, 3대 사업 부문 재정비…""미래 성장성 확보"". CJ제일제당은 기존 식품·바이오 사업 조직을 라이프스타일식품·기술소재·핵심소재 등 3개 부문으로 전면 라이프스타일식품사업부문은 K-푸드 사업 확대를 담당한다.",사회/세계
"“웹툰 속 주인공 되는 AI챗”…네이버웹툰, ‘바이어스’ 출시. 김신형 네이버웹툰 IP 사업 총괄은 “바이어스를 통해 원작의 매력을 새롭게 발견하고 IP에 대한 깊은 애착과 라이프사이클 강화로 이어지는 선순환 구조를 만들어 나가겠다”고 말했다.",사회/세계
"iFA, iM라이프와 오더메이드 연금보험 2종 출시. iFA는 iM라이프와 공동 기획한 오더메이드 연금보험인 '오토파일럿 변액연금보험'과 '코파일럿 세이프PRO 연금보험'을 출시했다고 1일 밝혔다.",라이프
"한화생명ㆍDB손보ㆍ신한라이프ㆍ하나손보(7.1). ■ 신한라이프, 출범 5주년 맞아 상생 가치 재확인 - 고객 일상의 라이프 파트너 도약 선언 - 사회공헌 슬로건 '따뜻한 채움' 공개 신한라이프는 1일 임직원과 영업가족이 함께 생명보험 본업의 가치와 지난 발자취를.",라이프
"코베스트로, 글로벌 MDI 투자 확대…中 66만톤·UAE 신규 거점 검토. MDI는 폴리우레탄 경질 폼의 핵심 원료로, 건축 단열재, 가전제품, 식품 보존, 자동차 및 스포츠·라이프스타일 등 다양한 산업에 활용된다.",사회/세계
"신한카드ㆍ현대카드ㆍKB국민카드(7.1). ■ 현대카드, 독자브랜드 '알파벳카드' 론칭 - 20년 알파벳 카드 헤리티지 재해석 - 라이프스타일별 10% 할인 라이프스타일을 알파벳으로 분류 전용 디자인·서체로 브랜드 차별화 알파벳카드는 'Alphabet for Life'를.",라이프
출범 5주년 맞은 신한라이프 “업을 선도하는 리딩 보험사로 도약”. 신한라이프가 출범 5주년을 맞아 보험업계 신흥강자를 넘어 리딩 보험사로 도약하겠다는 비전을 제시헀다.,사회/세계
"IPARK현대산업개발 시공 '파크로쉬 서울원', 최고 20.5대 1 청약 경쟁률. 분양 관계자는 ""서울원 안에서 파크로쉬만의 웰니스 케어와 5성급 호텔 노하우가 담긴 컨시어지 서비스, 전문 의료기관의 메디컬 서비스까지 동시에 누릴 수 있고, 다양한 세대가 함께 진정한 웰니스 라이프를.",문화/트렌드
"포테이토헤드 발리, 웰니스 리트릿 'Merasa Origins' 첫 챕터 마무리. ⓒAP신문(AP뉴스) 발리의 라이프스타일 복합공간 포테이토헤드가 올해 새롭게 선보인 웰니스 리트릿 프로그램 'Merasa Origins'의 첫 번째 챕터를 성료했다.",문화/트렌드
"출범 5주년 신한라이프, 천상영 사장 “본원 경쟁력 강화”. 신한라이프가 출범 5주년을 맞아 임직원과 영업가족이 참여하는 기념행사를 진행했다. 신한라이프는 1일 출범 5주년을 맞아 생명보험 본업의 의미와 향후 경영 방향을 공유하는 행사를 열었다고 밝혔다.",사회/세계
"케이엠제약 최대주주, 보통주 1만4421주 장내매수. 중인 라이프케어 브랜드 중심의 사업 전환과 중장기 성장 전략에 대한 자신감을 반영한 것으로 풀이된다는 설명이다.",문화/트렌드
"포테이토헤드, 'Merasa Origins' 첫 리트릿 개최. 최근 휴양을 넘어 심신 회복과 자기 돌봄을 중시하는 웰니스 여행 수요가 늘어나는 가운데, 발리 라이프스타일 복합공간 포테이토헤드가 신규 웰니스 리트릿 'Merasa Origins'의 첫 프로그램을 마무리했다.",문화/트렌드
"구 동성하이타운, 42층 하이엔드 주상복합으로 재탄생… '두산위브더제. 여기에 일반적인 아파트와 달리 단지 내 엘리베이터를 통해 지하에 조성될 대형 상가로 다이렉트 이동이 가능해, 굳이 단지 밖을 나서지 않고도 쇼핑과 여가를 원스톱으로 즐기는 진정한 '올인원(All-in-one)' 라이프의.",사회/세계
"하나카드, '3일 연속 쓰면 2배 혜택' 무빙카드 출시. 소비패턴에 따라 올데이(ALLDAY)·온라인(ONLINE)·플레이(PLAY)·라이프(LIFE)·글로벌(GLOBAL) 등 총 5가지 모드를 제공한다. 이용자는 자신의 라이프스타일에 가장 적합한 혜택을 선택하여 신청할 수 있다.",라이프
"신세계백화점, '아트와 그로서리의 만남'… 신개념 스토어 '어나더 팜'. 신세계백화점은 오는 10일 강남점에 예술과 식품을 결합한 신개념 라이프스타일 매장인 '어나더 팜'을 새롭게 오픈한다고 1일 밝혔다.",라이프
트럼프 인기와 함께 추락한 이름 '도널드' : 미국 신생아 이름. 아기 이름 작명 전문가이자 '마이 네임 포 라이프' 회사의 창립자인 셰리 수잔도 킴과 같은 의견을 보였다.,문화/트렌드
"생보업계, 고령화·AX 전환 속 전략 다변화. 신한라이프는 출범 5주년을 계기로 AX 혁신과 라이프케어 중심 전략을 제시했고, 한화생명은 의료기관과 협력해 치매 예방부터 진단·치료·보장까지 연계하는 통합 대응 모델 구축에 나섰다.",사회/세계
"앤트로픽, 생명과학 AI 플랫폼 '클로드 사이언스' 공개. 벤치마크 '라이프사이벤치'까지 공개했다. 구글은 자회사인 아이소모픽의 대규모 투자 유치로 이 분야 강화에 나섰다.",IT/과학
"옷장에서 거실로…패션 플랫폼, 리빙 경쟁 뛰어. 29CM는 리빙 전용 오프라인 매장을 열었고, 무신사는 매장 내 라이프 상품을 확대했다.",라이프
"출범 5주년 신한라이프, ‘리딩 생보사’ 정조준…본업 경쟁력·AX 혁신. 보험업계에 따르면 신한라이프가 통합 출범 5주년을 맞이해 생명보험 본연의 가치를 되새기고, 시장의 신흥 강자를 넘어 생보업계를 선도하는 '리딩 보험사'로의 도약을 선포했다.",사회/세계
"한화갤러리아, '부동산 투자' 지속…체질 개선 속. 따른 라이프·테크 계열사의 통합 사옥 마련을 위한 선제적 움직임으로도 풀이된다.",경제
"월마트 사로잡은 BTS 볶음면…'아리'가 띄운 저자극 모던누. 자극적인 맛보다 균형 있는 맛과 라이프스타일을 지향하며 모던 누들, 포스트바이오틱 에너지드링크, 듀얼 바이오틱 소다 등 다양한 제품군을 선보였다.",라이프
"메디스태프·신승회계법인, ‘개원 세무·경영 컨설팅’ MOU 체결. 개원 예정 의사·개원의 대상 세무자문 서비스 제공 의사 전용 라이프 플랫폼 메디스태프(대표 기동훈)는 메디컬 세무 전문 신승회계법인(대표 신완민)과 지난 6월 25일 의사 회원을 위한 ‘개원 세무 및 경영 컨설팅’.",사회/세계
"45분만에 완판' LG스탠바이미2 맥스, 해외 시장 공략 나선다. 사진은 LG 스탠바이미 2 맥스 라이프스타일 이미지. 사진=LG전자 LG전자가 'LG 스탠바이미 2 맥스(LG StanbyME 2 Max)'를 글로벌 시장에 내놨다.",사회/세계
"최애 웹툰 속에서 나만의 스토리 만든다···네이버웹툰, AI 스토리챗 ‘. “바이어스를 통해 원작의 매력을 새롭게 발견하고, IP에 대한 깊은 애착과 라이프사이클 강화로 이어지는 선순환 구조를 만들어 나가겠다”고 말했다. ‘바이어스’는 네이버웹툰 앱 내 더보기 메뉴에서 이용할 수 있다.",사회/세계
"CU 야호! 특히 K팝 팬덤 소비가 음반과 굿즈를 넘어 식품, 라이프스타일 영역으로 확대되는 흐름에 맞춰 리센느와 새로운 고객 경험을 만들어낸다는 계획이다. 이번 협업은 단순한 이미지 모델 활동에 그치지 않는다.",라이프
"놀유니버스, NOL 페스티벌 2차 라인업 공개. 2차 라인업에 따르면 10월 17일 K팝 스테이지에는 클로즈 유어 아이즈와 키스오브라이프, 리센느, 데일리디렉션이 출연한다. 18일에는 에반과 킥플립, 키키, 아홉이 무대에 오른다.",사회/세계
"명품 2조원·외국계 18조원…국내서 거둔 수익금, 해외. 메트라이프생명과 오비맥주, 애플코리아, 라이나생명보험, 한국쓰리엠, 한국스탠다드차타드은행 코닝정밀소재는 순이익의 4.9배인 2793억원을 배당했고, 한국쓰리엠(156.4%), 메트라이프생명(152.3%), 오비맥주(137.4.",사회/세계
"더블유드레스룸, 올리브영 신규 오프라인 특화매장 입점…체험형 향기. 라이프스타일 향기 브랜드 더블유드레스룸(W.DRESSROOM)이 올리브영의 신규 오프라인 특화매장인 '올리브영 고객들은 다양한 향과 제품을 직접 테스트하며 자신의 취향과 라이프스타일에 맞는 프래그런스를 경험하고.",라이프
"신한라이프, 출범 5주년…""리딩 보험사 도약"" 새 비전 제시. 신한라이프가 출범 5주년을 맞아 미래 성장 전략을 제시하며 리딩 보험사로의 도약을 선언했다.",사회/세계
"한화생명, 세브란스병원과 치매 예방·진단·보장 협력모델 구. 'zgm 저장체크카드'는 MZ세대와 팬덤 소비층의 라이프스타일을 면밀히 분석해 실속 있는 혜택을 대거 탑재했다. 전월 실적 충족 시 온라인결제.",라이프
"현대카드, '알파벳카드' 독자 브랜드로 키운다. 새 브랜드는 'Alphabet for Life'를 슬로건으로 내세워 소비자의 다양한 라이프스타일을 알파벳으로 표현했다.",라이프
"마녀공장, 나고야 찍고 긴자 팝업으로 돌파구…日 시장 '담금질'. 대표 라이프스타일 편집숍 '로프트(LOFT)'에서 팝업스토어를 열고 열도 공략에 돌파구 마련에 나선다.",라이프
"KB국민카드, 체크카드 시장 '35.5%' 독주… 1위 비결은 '생활밀착형 혜택. 연령대와 라이프스타일에 맞춘 상품을 폭넓게 운영해 온 점이 안정적인 1위로 이어졌다는 분석이다 .",라이프
휴가철 외식 수요 잡아라…카드 할인 앞세운 외식업계. 윤다예 엠에프지코리아 대표는 “여름 휴가 시즌을 맞아 고객들이 외식비 부담을 덜 수 있도록 스페셜 이벤트를 마련했다”며 “앞으로도 고객들의 라이프스타일과 니즈에 맞춘 차별화된 프로모션을 지속 선보일 것”.,라이프
"LG전자 베스트샵 수원연합, 혼수·입주 고객 위한 '기다려온 연합 GRAND. 수원연합은 이번 행사에서 ""오늘의 선택이 10년을 좌우합니다"", ""빠른 배송, 빠른 설치 지원""이라는 슬로건을 바탕으로, 소비자의 주거 환경 및 라이프스타일에 맞춘 가전 선택의 중요성을 전달하고 있다.",사회/세계
"포테이토헤드 발리, 웰니스 리트릿 'Merasa Origins' 1차 프로그램 완료. ▲ 포테이토헤드 제공 발리의 복합 라이프스타일 공간 포테이토헤드가 새롭게 론칭한 웰니스 리트릿 프로그램 'Merasa Origins'의 첫 일정을 성황리에 마무리 지었다.",문화/트렌드
"만루포-끝내기-솔로' 마이너리그에 '韓 괴물'이 탄생했다, 3G 연속 홈런. 또한 2020년 텍사스 글로브 라이프필드에서 열린 아마추어 홈런왕 선발 대회인 '2020 파워 쇼케이스'에서 17세 이하 홈런 더비 우승을 차지하기도 했다. 오랜 기간 눈물 젖은 빵을 먹었다.",IT/과학